	YP_913510.1|ND1	YP_913511.1|ND2	YP_913512.1|COX1	YP_913513.1|COX2	YP_913514.1|ATP8	YP_913515.1|ATP6	YP_913516.1|COX3	YP_913517.1|ND3	YP_913518.1|ND4L	YP_913519.1|ND4	YP_913520.1|ND5	YP_913522.1|CYTB
TTT	10	7	18	3	3	10	6	5	3	8	23	12
TTC	8	2	24	6	0	5	16	4	5	8	17	17
TTA	11	9	5	5	1	10	9	6	1	14	18	7
TTG	5	2	2	1	1	0	0	1	0	1	6	3
TCT	2	3	7	2	0	2	2	1	1	4	3	4
TCC	7	9	5	6	0	2	2	3	4	10	8	5
TCA	8	4	17	5	1	0	7	2	1	8	17	12
TCG	1	2	0	0	0	0	0	0	0	1	2	1
TAT	10	3	8	5	0	1	4	1	0	8	5	7
TAC	3	5	10	4	0	2	7	1	0	6	6	8
TGT	0	0	0	1	0	0	1	0	1	3	1	1
TGC	0	1	1	1	0	0	1	1	2	2	4	2
TGA	6	10	14	5	5	4	11	5	1	15	8	11
TGG	2	1	3	0	0	1	1	0	0	5	5	2
CTT	8	9	19	6	1	11	9	3	5	20	20	11
CTC	8	14	9	3	0	6	2	5	1	16	8	11
CTA	19	25	24	13	1	16	12	9	10	28	31	18
CTG	10	8	3	1	0	4	1	2	6	6	10	10
CCT	5	3	5	1	3	1	2	1	1	4	5	4
CCC	10	8	6	3	3	4	4	3	0	7	11	5
CCA	7	7	15	10	3	11	5	3	1	10	10	9
CCG	2	1	2	0	0	2	1	1	0	7	3	3
CAT	3	1	5	5	1	2	6	0	0	4	7	1
CAC	1	5	13	5	1	1	10	1	4	8	9	11
CAA	6	10	7	7	1	6	7	2	3	9	11	6
CAG	1	3	0	1	0	2	2	1	0	4	6	0
CGT	0	0	2	1	0	1	1	0	1	0	0	1
CGC	1	0	1	1	0	0	1	1	1	1	1	1
CGA	5	2	5	3	0	5	2	1	1	8	7	5
CGG	2	2	1	1	0	0	1	0	0	2	2	1
ATT	14	13	29	15	3	15	9	8	2	30	35	16
ATC	1	10	8	3	3	5	7	0	0	13	20	8
ATA	2	10	15	9	1	8	3	0	4	19	23	7
ATG	10	11	9	3	1	4	4	2	1	7	10	7
ACT	3	6	6	2	1	4	3	1	3	5	10	2
ACC	4	21	8	3	2	5	4	3	1	13	15	10
ACA	9	12	18	5	0	10	15	3	3	19	28	9
ACG	2	3	3	1	1	1	1	1	1	3	3	2
AAT	5	7	10	2	0	7	1	0	0	4	14	4
AAC	8	6	6	2	2	3	0	3	2	5	18	13
AAA	5	6	8	3	3	0	2	0	0	9	18	9
AAG	2	3	0	1	0	1	0	1	0	2	4	1
AGT	1	1	0	2	0	1	0	0	1	1	4	0
AGC	3	4	4	2	3	3	3	0	3	7	8	1
GTT	7	3	7	8	0	5	2	1	0	2	10	10
GTC	7	1	5	2	0	3	7	2	0	4	7	12
GTA	11	5	27	8	0	7	6	1	2	12	9	6
GTG	2	0	5	1	1	1	2	0	0	2	4	1
GCT	3	5	12	1	1	4	5	1	1	4	9	8
GCC	13	19	20	9	0	8	8	3	5	18	23	9
GCA	16	15	11	5	2	7	8	6	6	9	15	14
GCG	2	4	2	1	0	1	0	0	1	4	3	0
GAT	0	1	1	3	0	0	2	1	0	0	7	1
GAC	4	3	15	10	1	1	3	3	1	4	7	11
GAA	8	3	5	10	3	3	9	4	2	5	5	3
GAG	3	2	5	5	1	1	1	2	1	5	7	2
GGT	1	2	10	3	0	1	4	0	0	9	0	3
GGC	3	2	7	1	0	3	6	1	2	5	8	8
GGA	9	7	20	3	0	6	10	6	2	8	13	9
GGG	5	7	9	2	0	0	3	0	1	5	10	5
TAA	0	0	1	0	1	1	0	0	1	0	0	0
TAG	1	1	0	0	0	0	0	0	0	0	1	0
AGA	0	0	0	0	0	0	0	0	0	0	0	0
AGG	0	0	0	0	0	0	0	0	0	0	0	0
