	YP_009480496.1|ND1	YP_009480497.1|ND2	YP_009480498.1|COX1	YP_009480499.1|COX2	YP_009480500.1|ATP8	YP_009480501.1|ATP6	YP_009480502.1|COX3	YP_009480503.1|ND3	YP_009480504.1|ND4L	YP_009480505.1|ND4	YP_009480506.1|ND5
TTT	8	9	21	6	2	8	9	4	4	9	21
TTC	9	4	21	3	2	3	15	4	3	5	19
TTA	9	9	5	5	3	9	3	5	3	10	11
TTG	2	4	3	2	0	0	0	1	2	3	5
TCT	4	8	11	3	0	1	2	0	2	6	10
TCC	7	6	7	6	0	1	5	2	3	9	13
TCA	6	5	6	2	1	1	3	2	1	6	11
TCG	0	1	2	1	0	0	1	2	2	1	2
TAT	6	3	11	3	0	3	2	1	0	4	5
TAC	5	4	7	6	0	2	10	1	0	10	6
TGT	0	0	0	1	0	0	1	0	2	1	3
TGC	0	0	1	1	0	0	1	1	1	3	4
TGA	7	5	13	3	5	3	9	4	0	17	7
TGG	1	6	4	2	0	2	3	1	1	2	7
CTT	18	24	22	8	0	25	10	4	4	29	34
CTC	14	12	17	6	2	3	8	8	6	18	17
CTA	19	22	10	6	1	14	7	8	6	24	28
CTG	1	7	5	1	0	5	3	3	3	8	3
CCT	4	2	7	3	6	6	4	1	1	5	7
CCC	16	11	15	5	2	6	5	4	1	11	17
CCA	4	6	4	5	2	4	4	0	0	8	6
CCG	0	2	2	1	0	1	0	3	0	1	1
CAT	2	3	6	5	0	2	7	0	1	3	6
CAC	2	4	13	4	3	2	8	1	4	7	11
CAA	4	13	7	5	1	6	5	1	3	9	10
CAG	3	2	1	3	0	3	4	2	0	4	8
CGT	1	0	1	0	0	0	1	0	1	3	1
CGC	0	2	2	1	0	3	2	1	0	2	3
CGA	3	2	3	4	0	2	2	1	1	5	6
CGG	4	0	2	2	0	1	1	0	0	1	0
ATT	15	12	28	17	2	11	10	6	1	21	25
ATC	14	5	12	5	1	5	3	2	0	13	18
ATA	6	9	12	7	0	6	7	0	3	16	17
ATG	3	5	11	3	1	3	2	2	2	12	10
ACT	4	12	4	2	2	4	2	2	0	8	7
ACC	10	25	12	3	2	13	10	3	6	20	31
ACA	4	8	14	4	2	8	10	2	2	11	12
ACG	1	1	6	0	0	0	2	0	0	0	6
AAT	3	6	5	3	0	5	0	0	0	3	12
AAC	9	3	10	3	2	3	1	1	1	9	16
AAA	5	5	8	3	3	0	0	0	0	6	14
AAG	2	3	0	1	0	1	2	1	0	3	6
AGT	0	1	0	0	0	0	1	0	1	4	2
AGC	3	3	5	3	1	4	2	0	2	6	12
GTT	5	4	12	6	0	5	8	0	1	13	14
GTC	4	2	7	5	2	2	3	1	0	2	8
GTA	6	4	15	4	1	4	2	3	1	7	8
GTG	3	1	8	3	0	2	3	0	0	1	4
GCT	11	1	8	2	1	5	2	3	2	7	10
GCC	15	20	19	8	0	8	14	4	7	15	29
GCA	6	12	15	9	1	5	7	4	5	15	13
GCG	3	3	4	0	1	0	0	1	0	0	1
GAT	1	1	4	5	0	0	0	1	1	2	3
GAC	3	2	10	8	1	1	5	3	0	4	9
GAA	6	3	6	12	0	3	6	6	2	8	7
GAG	5	1	5	2	2	1	3	0	0	3	5
GGT	3	3	9	3	0	0	5	1	1	10	3
GGC	7	6	14	2	0	6	6	2	3	4	11
GGA	5	5	11	2	0	3	4	1	1	8	13
GGG	3	6	13	2	0	3	6	2	1	5	4
TAA	1	0	1	0	1	1	1	0	1	0	1
TAG	0	0	0	0	0	0	0	0	0	0	0
AGA	0	0	0	0	0	0	0	0	0	0	0
AGG	0	0	0	0	0	0	0	0	0	0	0
