	YP_850993.1|ND1	YP_850996.1|ND4L	YP_850997.1|ND4	YP_850998.1|ND5	YP_850999.1|ND2	YP_851000.1|COX1	YP_851001.1|COX2	YP_851002.1|ATP8	YP_851003.1|ATP6	YP_851004.1|COX3	YP_851005.1|ND3
TTT	34	15	40	47	30	32	12	8	15	27	14
TTC	3	0	7	7	7	8	4	1	4	7	0
TTA	33	14	55	50	35	38	12	4	19	14	8
TTG	4	3	8	8	4	2	2	0	4	3	2
TCT	8	1	16	20	10	15	6	1	6	7	1
TCC	1	2	3	3	5	2	3	1	3	0	0
TCA	0	1	5	17	9	8	5	2	3	5	2
TCG	0	0	3	1	0	1	2	0	0	0	1
TAT	12	0	15	16	6	7	5	2	3	6	1
TAC	3	0	3	6	2	6	2	1	1	2	0
TGT	6	3	11	5	4	0	2	0	0	3	1
TGC	2	0	2	0	1	1	0	0	2	1	0
TGA	3	1	12	12	10	13	4	2	7	11	2
TGG	3	0	4	1	1	2	2	0	0	1	1
CTT	11	6	12	18	6	15	6	0	8	10	4
CTC	1	0	3	4	2	5	0	0	3	3	1
CTA	4	2	8	13	8	9	4	3	7	2	3
CTG	1	0	0	1	5	2	0	0	1	1	0
CCT	6	0	5	5	4	8	6	1	0	3	1
CCC	2	0	2	6	1	4	1	0	4	1	1
CCA	2	0	4	1	2	10	4	1	6	5	3
CCG	0	0	0	2	0	2	0	1	0	0	0
CAT	1	1	7	1	3	10	4	0	2	6	0
CAC	0	1	3	4	2	9	1	0	1	9	1
CAA	6	0	2	7	5	8	6	3	2	5	2
CAG	0	0	3	3	0	2	2	0	1	1	0
CGT	4	1	2	3	2	5	2	0	1	0	1
CGC	0	0	0	0	1	0	1	0	2	1	0
CGA	2	1	3	1	0	6	4	0	1	3	1
CGG	1	0	2	1	0	0	0	0	0	0	0
ATT	16	4	39	44	28	38	23	3	14	9	8
ATC	3	2	2	7	2	6	3	1	3	7	4
ATA	3	6	20	26	22	16	7	3	13	4	6
ATG	7	2	8	6	3	7	3	2	1	1	2
ACT	6	2	10	12	5	11	4	1	6	4	1
ACC	2	0	2	2	5	1	2	1	1	3	2
ACA	2	2	11	10	5	16	3	2	7	10	5
ACG	1	1	1	4	0	2	1	0	2	1	0
AAT	5	2	10	16	11	11	4	1	3	4	0
AAC	2	1	5	9	5	6	5	1	2	6	1
AAA	7	3	8	14	6	5	4	3	2	0	5
AAG	2	1	3	2	2	2	0	0	0	1	0
AGT	3	2	9	9	4	3	0	2	5	4	4
AGC	1	1	2	5	2	1	2	0	4	1	0
AGA	4	6	11	12	11	3	1	0	4	4	0
AGG	0	0	0	1	0	0	0	0	0	0	0
GTT	19	3	11	17	11	15	5	1	9	8	2
GTC	2	1	1	0	0	8	0	1	2	2	1
GTA	6	3	6	8	8	14	12	1	5	8	6
GTG	2	2	3	3	1	3	0	0	3	2	0
GCT	16	3	11	13	2	18	3	0	6	6	3
GCC	2	0	4	6	1	8	1	0	1	3	2
GCA	4	1	8	14	3	15	3	0	5	7	4
GCG	1	0	2	1	0	0	4	0	0	1	0
GAT	3	3	4	8	3	7	6	1	2	3	2
GAC	1	0	2	3	0	9	5	0	0	2	2
GAA	11	1	7	9	3	7	12	0	5	8	5
GAG	0	3	1	2	3	3	1	0	0	0	1
GGT	6	1	6	8	11	14	6	0	5	2	0
GGC	1	0	2	0	0	3	1	0	1	2	1
GGA	9	2	7	12	8	18	1	0	5	9	1
GGG	9	1	14	15	12	12	2	0	2	7	3
TAA	1	1	1	0	1	1	0	1	1	1	1
TAG	0	0	0	0	0	0	1	0	0	0	0
