	YP_003345048.2|ND2	YP_003345049.1|COX1	YP_003345050.1|COX2	YP_003345051.1|ATP8	YP_003345052.1|ATP6	YP_003345053.1|COX3	YP_003345054.1|ND3	YP_003345055.1|ND4L	YP_003345056.1|ND4	YP_003345057.1|ND5	YP_003345059.1|CYTB
TTT	8	18	5	4	6	13	5	3	8	18	13
TTC	0	23	2	0	5	12	4	3	5	21	17
TTA	18	16	10	2	15	5	2	4	21	29	10
TTG	4	1	1	0	4	2	2	1	2	6	3
TCT	3	6	2	0	1	1	2	0	2	2	2
TCC	4	6	5	0	1	1	0	6	6	3	8
TCA	6	11	7	0	0	8	5	3	12	18	12
TCG	0	0	0	0	0	0	1	0	0	1	0
TAT	4	10	9	0	3	4	0	1	8	6	10
TAC	4	9	1	0	2	7	2	1	9	7	4
TGT	1	0	1	0	0	1	1	1	0	4	2
TGC	0	1	1	0	0	1	1	2	5	2	1
TGA	10	16	5	4	5	9	5	1	17	12	12
TGG	1	3	0	1	0	3	0	0	3	2	1
CTT	12	11	4	0	13	2	4	2	17	13	5
CTC	5	9	3	0	7	7	6	2	14	7	11
CTA	19	22	9	1	12	10	7	9	24	25	25
CTG	4	5	0	0	5	4	2	3	9	5	4
CCT	1	2	2	1	2	1	1	1	3	3	1
CCC	5	13	8	3	4	4	2	0	13	12	10
CCA	12	11	3	5	8	7	5	1	7	13	10
CCG	1	3	1	0	3	0	1	0	2	1	1
CAT	4	6	2	1	2	6	0	0	2	5	5
CAC	3	14	8	1	1	9	0	5	7	7	7
CAA	14	5	8	2	8	9	4	1	8	19	6
CAG	0	2	1	0	1	0	0	1	3	4	0
CGT	0	1	0	0	0	0	0	0	0	0	0
CGC	0	1	1	0	1	0	0	0	0	1	0
CGA	3	5	5	0	4	5	2	2	10	6	7
CGG	1	2	0	0	1	0	0	0	1	2	1
ATT	17	27	14	0	9	11	7	1	25	35	15
ATC	3	9	3	2	3	2	4	0	12	18	13
ATA	28	17	11	2	6	8	3	5	22	23	14
ATG	7	7	3	2	5	2	2	2	11	16	3
ACT	6	9	0	0	6	3	0	0	7	5	0
ACC	13	10	4	1	5	7	3	4	19	19	6
ACA	26	17	5	4	10	13	3	3	14	31	9
ACG	0	2	0	0	1	1	0	0	3	2	3
AAT	7	8	2	2	7	1	0	0	4	10	9
AAC	5	6	2	3	3	0	2	2	7	24	11
AAA	11	8	3	3	1	3	1	2	10	21	7
AAG	1	2	0	0	0	0	0	0	2	2	1
AGT	0	1	1	0	1	1	0	2	4	3	0
AGC	4	4	2	0	3	2	0	1	3	10	1
GTT	2	14	3	0	5	5	0	0	8	9	8
GTC	2	6	4	0	2	5	1	0	2	5	4
GTA	6	20	14	4	11	7	1	2	7	12	13
GTG	2	2	1	0	1	1	0	0	3	4	1
GCT	2	9	0	2	1	4	1	1	0	8	3
GCC	23	20	5	2	7	8	4	8	19	25	16
GCA	12	18	12	1	10	10	3	3	14	18	11
GCG	0	0	1	0	1	0	0	1	0	2	1
GAT	1	8	5	0	0	3	1	0	3	6	7
GAC	0	6	8	1	1	2	3	1	2	8	4
GAA	6	10	13	0	4	9	4	0	10	7	5
GAG	0	2	1	1	0	1	2	2	2	5	0
GGT	5	11	1	0	3	4	1	0	1	3	1
GGC	5	10	4	0	1	5	1	2	7	6	3
GGA	5	17	4	0	3	11	4	1	13	17	15
GGG	2	12	0	0	3	1	1	2	8	5	7
TAA	0	1	0	1	0	0	0	1	0	1	0
TAG	0	0	0	0	0	0	0	0	0	0	1
AGA	0	0	0	0	0	0	0	0	0	0	0
AGG	0	0	0	0	0	0	0	0	0	0	0
