	NP_740062.1|ND1	NP_740063.1|ND2	NP_740064.1|COX1	NP_740065.1|COX2	NP_740066.1|ATP8	NP_740067.1|ATP6	NP_740068.1|COX3	NP_740069.1|ND3	NP_740070.1|ND4L	NP_740071.1|ND4	NP_740072.1|ND5	NP_740074.1|CYTB
TTT	4	5	17	4	1	5	9	6	3	6	15	9
TTC	14	10	25	5	2	6	13	2	4	10	26	22
TTA	6	13	13	5	0	6	2	5	2	14	7	6
TTG	0	1	0	0	0	2	0	0	0	3	1	1
TCT	3	4	3	2	2	1	5	0	0	5	4	5
TCC	4	5	9	5	2	2	1	3	3	11	14	8
TCA	9	8	10	4	0	0	6	2	6	7	9	8
TCG	0	0	1	0	0	0	0	1	0	0	2	0
TAT	5	2	10	4	0	1	7	2	1	5	2	3
TAC	6	5	8	5	1	4	3	0	0	9	11	11
TGT	0	0	0	0	0	0	1	0	2	1	1	0
TGC	0	0	1	2	0	0	2	1	1	4	5	3
TGA	8	11	16	5	4	5	12	5	0	19	12	12
TGG	0	0	1	0	1	0	0	0	1	0	2	1
CTT	13	14	20	10	2	13	8	8	4	33	18	15
CTC	16	18	13	3	0	15	9	4	7	22	28	18
CTA	23	25	14	8	3	18	13	11	9	20	38	18
CTG	6	5	2	1	0	2	0	0	2	3	1	3
CCT	7	2	10	3	3	4	2	1	2	6	8	5
CCC	11	13	4	5	4	7	6	4	0	9	11	8
CCA	5	6	13	6	2	5	5	3	0	11	11	8
CCG	1	2	1	0	0	1	0	0	0	0	3	0
CAT	1	1	4	4	0	3	5	0	1	1	3	3
CAC	3	7	15	6	1	1	12	1	3	10	12	9
CAA	6	14	5	9	3	9	7	3	3	9	20	6
CAG	1	1	1	0	0	0	1	0	0	1	0	0
CGT	0	1	2	2	0	0	0	0	0	1	0	2
CGC	0	2	2	0	0	2	2	1	2	4	3	2
CGA	8	1	5	4	0	4	4	1	1	6	7	4
CGG	0	0	0	0	0	0	0	0	0	0	0	0
ATT	14	14	26	15	0	10	6	7	0	28	29	15
ATC	10	12	12	7	2	6	6	4	0	8	27	13
ATA	4	11	10	6	0	6	6	1	4	17	21	4
ATG	5	2	15	5	2	3	1	1	1	7	8	5
ACT	3	7	10	1	0	4	2	2	1	7	7	4
ACC	12	16	6	3	2	7	7	3	3	17	27	14
ACA	5	21	15	6	4	10	11	0	1	15	20	5
ACG	0	1	3	1	0	2	2	1	2	2	1	2
AAT	3	3	6	3	0	2	0	1	0	6	7	4
AAC	9	9	9	3	2	7	1	1	1	9	23	15
AAA	7	8	8	4	2	1	3	0	0	10	19	8
AAG	0	1	0	0	1	0	0	1	0	0	0	1
AGT	0	0	1	0	0	0	0	0	0	1	2	0
AGC	3	3	4	3	1	4	3	0	3	6	11	0
GTT	4	3	15	3	2	5	6	2	2	2	8	3
GTC	7	2	7	5	0	3	5	2	1	6	9	15
GTA	8	1	20	8	0	5	8	0	0	7	7	7
GTG	0	0	2	2	0	1	0	0	0	0	3	0
GCT	4	5	17	6	0	3	3	1	1	6	9	4
GCC	18	18	19	6	2	7	10	6	7	17	22	10
GCA	15	7	13	5	1	7	9	2	5	13	23	18
GCG	0	3	0	0	0	0	0	0	0	2	0	0
GAT	0	2	6	4	0	1	2	1	1	1	1	3
GAC	4	1	9	10	0	0	4	4	1	2	12	8
GAA	10	3	10	12	2	4	7	6	2	10	11	5
GAG	1	1	1	1	1	0	1	0	0	3	1	0
GGT	1	3	7	2	0	1	3	2	0	6	3	4
GGC	10	9	10	2	0	4	8	0	1	10	13	9
GGA	6	6	22	4	0	5	9	4	4	10	13	10
GGG	1	0	8	1	0	1	3	0	0	2	1	4
TAA	1	0	1	0	1	0	0	0	1	0	1	0
TAG	0	0	0	0	0	0	0	0	0	0	0	0
AGA	0	0	0	0	0	0	0	0	0	0	0	0
AGG	0	0	0	0	0	0	0	0	0	0	0	0
