	YP_008965413.1|cox1	YP_008965414.1|cox1i1	YP_008965415.1|cox1i1	YP_008965416.1|cox1i2	YP_008965417.1|cox1i3	YP_008965418.1|cox1i4	YP_008965419.1|cox1i4	YP_008965420.1|cox1i5	YP_008965421.1|cox1i6	YP_008965422.1|cox1i7	YP_008965423.1|cox1i8	YP_008965424.1|cox1i8 1	YP_008965425.1|cox1i8 2	YP_008965426.1|cox1i8 3	YP_008965427.1|cox1i9	YP_008965428.1|cox1i9	YP_008965429.1|cox1i10	YP_008965430.1|cox1i11	YP_008965431.1	YP_008965432.1	YP_008965433.1|nad1	YP_008965434.1|nad4	YP_008965436.1|atp8	YP_008965437.1|atp6	YP_008965438.1|nad6	YP_008965439.1|cox3	YP_008965440.1	YP_008965441.1|rps3	YP_008965442.1|nad2	YP_008965443.1|nad3	YP_008965444.1	YP_008965445.1|cox2	YP_008965446.1|cox2i1	YP_008965447.1|cox2i2	YP_008965448.1|cox2i2	YP_008965449.1|cox2i3	YP_008965450.1|nad4L	YP_008965451.1|nad5	YP_008965452.1|nad5i1	YP_008965453.1|nad5i2	YP_008965454.1|nad5i2	YP_008965455.1	YP_008965459.1|cob
TTT	17	1	4	15	1	12	6	6	13	17	14	10	2	5	13	7	15	11	11	15	17	34	7	16	7	20	13	21	33	15	3	8	9	13	4	19	3	64	13	13	6	5	20
TTC	28	1	2	0	0	2	3	1	2	4	1	4	1	0	4	3	4	0	0	4	11	14	3	9	5	3	4	4	10	3	2	5	1	4	0	3	2	26	0	0	0	2	16
TTA	57	1	4	18	9	24	6	15	15	17	17	9	9	6	14	5	18	9	7	11	43	58	5	37	28	26	29	33	57	15	17	23	15	22	8	34	13	92	10	17	7	9	46
TTG	4	2	2	3	1	1	3	4	0	5	4	4	0	0	2	1	2	4	3	4	4	8	0	1	1	4	5	3	8	1	1	0	1	4	2	7	1	8	3	4	1	2	4
TCT	11	10	3	6	1	9	3	2	3	9	5	7	2	3	9	3	9	5	6	5	8	20	0	5	5	6	12	11	21	2	8	8	8	8	6	18	0	20	8	1	3	3	8
TCC	0	1	0	2	1	3	0	0	2	3	2	2	1	1	3	0	1	2	1	0	1	0	0	1	2	2	0	5	0	0	6	1	4	1	0	4	2	4	0	0	1	1	2
TCA	5	1	1	7	4	8	2	2	1	7	2	1	1	1	5	1	4	2	3	5	6	10	0	7	2	6	1	6	9	0	15	6	4	5	4	5	2	15	2	4	1	4	7
TCG	2	1	1	0	0	1	1	3	1	1	2	1	3	0	2	0	0	1	2	4	1	1	0	1	1	3	0	1	1	0	2	0	0	0	1	1	0	3	1	1	2	0	1
TAT	11	1	7	14	1	11	11	11	4	11	22	6	6	5	15	3	24	10	11	9	16	19	1	8	10	6	18	16	20	2	8	8	10	18	4	25	3	38	5	13	4	5	12
TAC	9	4	0	2	1	4	3	0	2	4	6	1	0	1	1	0	3	4	4	1	4	7	1	2	3	4	6	5	12	2	2	3	4	5	1	8	1	8	4	3	0	2	7
TGT	1	0	3	2	0	3	1	0	0	1	4	5	0	0	2	3	6	3	3	3	4	2	0	1	1	2	1	1	3	1	2	5	2	5	2	5	0	9	3	2	2	2	1
TGC	0	0	0	1	0	2	0	0	0	1	0	1	0	0	3	0	0	1	0	0	0	0	0	0	0	0	0	0	0	0	1	0	0	0	0	2	0	0	2	0	1	0	0
TGA	13	0	1	4	2	4	0	2	1	4	1	1	1	0	4	1	4	3	1	3	4	2	0	1	2	8	4	2	3	0	0	6	1	3	0	0	0	9	5	2	2	2	7
TGG	0	0	1	3	0	4	2	0	0	2	2	0	0	0	0	0	0	2	0	0	0	0	0	0	0	1	0	1	1	0	1	0	0	2	1	1	0	3	0	2	0	1	0
CTT	7	2	3	7	1	4	3	1	3	10	6	7	3	2	3	1	9	2	6	5	8	10	0	5	3	4	6	9	16	1	1	7	4	4	5	14	3	19	6	3	2	2	3
CTC	0	0	0	0	0	1	1	0	0	1	3	0	0	0	0	0	0	0	0	0	0	0	0	0	0	0	0	1	0	0	0	0	0	0	0	2	0	0	0	0	0	0	0
CTA	8	3	1	7	3	4	3	1	4	4	4	2	4	1	3	0	4	0	0	5	9	10	0	0	3	1	5	10	14	1	3	1	1	2	0	7	0	13	3	5	1	3	3
CTG	3	0	0	2	0	0	0	0	0	3	3	0	0	0	0	0	2	0	0	1	1	1	0	0	1	1	1	0	5	2	0	0	2	2	0	0	0	3	0	0	0	0	0
CCT	17	5	2	5	1	3	6	1	1	1	5	2	5	2	3	2	5	6	2	10	12	7	0	7	3	3	10	3	9	1	11	9	4	4	8	7	0	22	4	4	5	2	16
CCC	0	1	0	0	0	3	1	0	1	2	1	1	1	1	0	0	1	0	3	2	1	2	0	1	0	1	3	2	0	1	8	1	1	0	0	2	0	0	0	2	0	1	1
CCA	11	2	0	1	2	2	2	0	1	3	3	0	1	1	1	1	4	1	0	4	1	2	2	2	1	4	5	2	2	1	4	2	0	4	0	2	0	8	1	1	1	3	4
CCG	1	1	0	1	0	1	0	0	0	0	0	0	0	0	0	0	0	0	0	1	2	2	1	0	0	1	2	0	0	1	2	1	0	1	0	1	0	2	0	0	0	0	2
CAT	11	2	1	7	0	3	3	6	3	6	8	3	1	0	5	1	5	5	2	5	1	3	0	5	2	9	5	6	5	1	6	3	3	6	4	10	0	13	3	1	1	1	5
CAC	5	0	2	2	0	0	2	3	0	1	1	0	1	1	0	0	1	2	0	2	1	2	0	1	0	4	4	1	2	2	2	4	2	2	2	1	0	4	1	2	1	0	5
CAA	14	2	1	7	3	6	4	6	3	7	8	2	2	0	8	1	8	4	0	7	7	4	2	6	2	5	5	8	11	4	6	6	4	6	9	12	1	15	4	6	2	0	6
CAG	3	1	0	2	1	3	1	0	0	6	0	1	0	3	2	1	1	0	0	0	0	2	0	1	0	0	3	4	4	0	1	1	0	1	1	2	0	1	1	1	1	1	1
CGT	2	2	0	2	0	1	1	1	1	7	1	0	0	0	3	0	3	0	2	1	0	2	0	0	0	0	4	5	0	0	5	0	2	2	1	4	0	4	0	0	2	1	2
CGC	0	0	0	0	0	0	1	0	0	1	0	0	1	0	0	0	0	0	0	1	0	0	0	0	0	0	0	1	0	0	0	0	1	1	0	1	0	2	0	1	0	0	0
CGA	0	2	0	2	0	1	0	0	1	0	0	0	1	0	0	0	3	0	1	2	0	1	1	1	1	1	1	3	2	0	2	0	1	0	0	5	0	0	0	1	1	0	0
CGG	0	0	0	0	0	0	0	0	0	0	0	0	1	1	0	0	0	1	0	1	1	0	0	0	0	0	2	3	1	0	2	0	0	1	0	0	0	1	0	0	0	0	0
ATT	19	2	5	15	4	13	6	5	4	11	14	3	6	4	12	3	10	6	5	9	12	20	1	11	16	4	11	11	25	5	5	9	6	13	3	14	7	41	6	7	6	3	3
ATC	4	0	0	3	1	4	1	0	3	1	5	1	1	0	5	0	2	2	0	1	3	8	0	6	3	1	4	3	9	0	1	2	0	3	1	1	2	8	1	2	0	0	6
ATA	24	0	8	16	0	15	7	14	9	13	8	19	5	5	11	4	18	16	9	16	20	33	5	20	17	12	25	12	34	6	3	13	17	15	6	18	10	47	13	16	7	6	32
ATG	19	4	2	6	3	4	3	2	4	5	4	5	5	2	4	5	6	3	5	5	9	7	2	4	5	7	3	10	9	2	3	9	4	5	5	9	3	24	1	4	1	3	13
ACT	13	4	2	10	3	8	1	4	3	11	11	5	6	2	5	8	10	9	4	7	8	14	2	7	7	4	5	6	18	1	20	4	7	8	4	6	0	25	6	4	2	3	5
ACC	4	0	1	2	0	2	2	1	2	5	2	4	1	0	3	2	2	3	2	1	2	2	0	1	1	0	1	5	3	0	4	0	2	2	1	3	0	6	2	0	1	3	1
ACA	10	4	2	9	2	6	1	2	4	7	6	2	3	6	4	9	4	6	0	5	7	10	1	9	1	16	10	6	12	4	5	5	4	6	3	12	1	20	2	4	4	3	8
ACG	2	1	1	4	1	1	0	0	1	3	2	1	1	0	1	0	1	1	0	2	1	1	0	0	1	1	1	2	1	1	0	1	1	0	1	2	1	3	2	1	0	1	1
AAT	15	7	8	19	7	21	11	6	9	24	13	9	10	8	22	2	18	12	7	17	9	14	1	11	14	6	32	28	22	4	22	7	14	19	4	27	3	36	10	21	6	4	13
AAC	8	4	2	7	3	7	3	7	4	8	4	9	2	4	8	1	9	7	2	6	3	4	0	7	5	3	1	5	7	2	11	3	1	1	1	7	0	19	3	2	3	1	8
AAA	12	6	11	32	8	21	6	18	28	18	28	4	12	8	20	1	21	23	14	19	5	8	1	7	5	0	21	51	15	3	8	4	26	32	3	40	2	30	21	29	5	8	6
AAG	3	3	5	5	1	7	1	3	9	7	7	4	2	1	6	0	8	4	4	4	0	2	1	0	2	0	6	10	2	0	1	2	2	7	3	13	0	6	6	5	2	2	1
AGT	30	3	3	5	0	4	5	3	13	6	13	10	3	2	3	5	10	6	4	4	12	20	2	13	15	9	9	11	28	3	14	6	12	9	6	12	1	36	7	7	1	0	12
AGC	5	4	1	1	1	1	0	2	2	2	2	1	2	0	3	2	1	1	0	1	2	1	0	0	3	0	3	3	3	1	4	0	2	3	0	5	2	13	0	2	2	1	1
AGA	10	0	1	11	0	7	2	8	1	7	6	2	1	1	5	0	12	4	3	7	8	7	2	2	1	3	6	18	6	1	4	7	7	11	4	9	3	16	5	6	2	2	10
AGG	2	1	1	1	1	2	2	1	1	1	1	3	2	0	2	0	1	1	4	0	0	2	0	0	1	1	6	3	1	1	3	0	2	2	3	3	0	6	3	0	0	1	0
GTT	15	4	2	5	3	4	4	3	3	11	5	2	5	2	11	8	6	3	3	1	11	11	2	3	9	6	7	13	9	2	5	8	4	6	2	9	2	34	0	5	1	1	16
GTC	2	0	2	0	1	0	0	0	0	1	1	1	1	0	2	0	2	0	2	0	1	0	1	1	0	0	0	2	2	1	0	0	2	3	0	4	0	4	0	0	0	1	0
GTA	21	1	4	10	1	5	3	2	4	9	4	4	1	1	6	6	7	2	2	10	16	15	3	5	1	12	8	11	18	3	16	8	4	5	2	7	1	19	4	4	1	3	10
GTG	5	1	0	3	1	1	3	0	0	1	4	1	0	1	1	1	2	1	0	2	1	3	0	5	1	4	3	1	2	0	3	1	1	0	3	1	0	9	0	1	1	1	4
GCT	16	2	1	6	4	4	2	3	7	10	7	5	5	1	1	10	4	2	3	8	16	15	1	9	7	13	9	6	12	4	11	6	4	9	3	8	4	32	2	2	1	1	13
GCC	9	2	1	1	1	2	0	0	3	5	1	2	0	1	1	2	2	1	0	4	4	3	0	5	2	2	2	0	5	2	2	2	2	1	0	2	1	7	2	2	0	0	3
GCA	10	1	0	7	2	5	2	3	4	3	8	2	3	1	1	5	5	1	0	6	4	7	0	2	1	2	0	2	12	3	8	1	1	3	3	3	3	11	1	2	0	0	7
GCG	3	1	0	1	0	1	0	0	0	3	2	0	0	0	0	0	2	1	1	1	1	2	0	0	0	2	5	0	1	0	12	1	1	0	0	2	0	3	0	1	1	0	3
GAT	16	6	4	12	5	11	8	8	13	8	6	6	5	4	6	0	15	2	5	11	5	9	0	3	3	2	12	14	10	3	29	14	13	9	5	12	2	25	9	15	0	3	8
GAC	6	4	1	2	1	4	2	1	0	3	7	2	1	1	4	0	6	0	1	3	0	2	0	2	3	1	4	3	2	0	8	2	0	1	2	3	0	5	0	1	1	1	2
GAA	8	5	2	12	11	6	4	5	16	8	9	2	2	2	10	1	8	5	6	15	12	11	0	3	4	8	16	12	9	2	22	13	7	9	7	20	3	17	7	8	6	0	7
GAG	4	3	1	3	3	4	1	0	9	1	1	2	2	0	3	0	2	2	3	5	3	2	0	1	2	1	3	2	5	2	15	3	3	3	0	3	0	5	1	1	1	0	2
GGT	27	4	5	8	3	14	4	5	4	15	9	3	5	6	9	4	8	8	1	13	17	27	0	11	9	16	8	12	24	5	11	6	8	11	3	14	5	42	7	5	4	0	16
GGC	1	1	0	0	0	1	1	1	0	2	6	1	0	0	1	3	3	1	1	1	0	0	0	1	1	0	3	1	1	0	1	0	2	3	0	3	1	3	0	1	0	0	0
GGA	14	0	0	6	0	8	1	2	0	4	9	2	2	2	1	3	2	1	0	2	3	4	0	3	1	7	2	3	1	0	2	2	2	1	0	6	1	13	0	5	0	1	3
GGG	6	0	1	4	1	1	0	1	1	5	0	4	2	1	1	0	2	3	0	2	2	0	0	2	0	1	2	1	4	1	4	4	2	4	0	2	0	13	1	2	0	0	3
TAA	0	1	1	1	1	1	0	1	1	1	1	1	0	0	1	0	0	1	1	1	1	1	1	1	1	1	1	1	1	0	1	1	1	1	1	1	1	0	1	1	1	1	1
TAG	1	0	0	0	0	0	1	0	0	0	0	0	1	1	0	1	1	0	0	0	0	0	0	0	0	0	0	0	0	0	0	0	0	0	0	0	0	1	0	0	0	0	0
