	YP_009268481.1|CYTB	YP_009268482.1|COX2	YP_009268483.1|ND1	YP_009268485.1|COX3	YP_009268486.1|ND2	YP_009268487.1|ND3	YP_009268488.1|ATP8	YP_009268489.1|COX1	YP_009268490.1|ATP6	YP_009268491.1|ND4L	YP_009268492.1|ND5	YP_009268493.1|ND6
TTT	22	15	22	23	14	8	3	32	15	5	35	6
TTC	10	3	7	6	4	6	1	9	4	2	9	3
TTA	16	6	14	12	18	5	3	18	17	7	34	13
TTG	15	6	6	6	6	4	3	14	12	4	14	8
TCT	7	6	5	6	4	2	1	12	10	0	13	3
TCC	0	1	3	1	1	1	0	2	1	0	2	0
TCA	4	1	2	1	6	1	1	3	0	1	8	1
TCG	1	3	2	2	4	0	0	3	1	1	4	2
TAT	16	10	6	9	4	3	2	21	2	0	15	8
TAC	10	4	6	8	5	2	3	7	2	0	6	0
TGT	5	3	7	1	0	5	2	4	7	4	3	4
TGC	6	3	1	5	4	0	0	2	1	2	2	1
TGA	7	5	3	8	3	1	4	8	0	2	6	0
TGG	10	2	2	12	5	0	0	12	4	0	7	0
CTT	12	3	8	1	8	1	3	9	5	3	10	2
CTC	2	0	1	0	1	1	0	1	1	0	5	0
CTA	6	2	6	4	6	2	2	15	6	5	20	3
CTG	6	3	2	7	4	3	1	2	2	4	8	2
CCT	17	4	5	7	6	3	0	10	3	0	8	2
CCC	1	0	2	3	3	0	0	3	2	0	0	0
CCA	2	3	2	6	1	0	0	4	1	0	4	1
CCG	3	3	2	1	1	1	0	6	3	0	4	0
CAT	7	3	0	7	3	1	0	13	1	1	6	0
CAC	7	2	0	3	1	0	0	6	2	1	2	0
CAA	2	4	4	4	3	0	1	6	0	0	12	1
CAG	3	3	1	0	2	0	0	0	3	1	4	0
CGT	7	3	5	5	0	1	0	2	0	1	3	0
CGC	3	3	1	2	0	0	1	0	1	0	0	1
CGA	1	3	1	5	0	3	2	6	1	1	3	1
CGG	1	3	1	2	1	1	0	4	2	0	1	0
ATT	15	13	13	10	15	3	1	21	9	3	27	7
ATC	5	3	7	4	3	2	0	5	3	1	8	3
ATA	10	7	12	7	17	4	1	25	11	8	21	8
ATG	8	8	7	5	8	2	1	9	4	3	8	7
ACT	10	3	2	10	0	0	2	11	6	0	10	0
ACC	1	1	1	1	1	0	0	3	1	0	4	2
ACA	4	2	0	3	4	1	0	10	2	1	8	0
ACG	3	0	3	1	2	0	0	3	1	0	0	0
AAT	14	7	3	3	2	0	1	15	4	2	12	3
AAC	9	1	3	3	6	0	2	5	2	0	7	0
AAA	10	7	3	3	10	3	4	13	3	1	9	2
AAG	9	3	5	5	3	0	2	10	2	1	5	1
AGT	6	4	4	3	3	0	1	9	5	1	11	4
AGC	3	1	2	1	6	1	1	1	5	1	4	1
AGA	2	1	7	6	11	3	5	6	6	2	23	4
AGG	7	4	2	5	10	3	3	7	5	1	9	5
GTT	10	5	12	7	7	4	4	14	2	4	17	5
GTC	1	1	4	2	3	1	0	3	4	1	4	2
GTA	16	8	13	11	19	2	0	16	12	2	15	5
GTG	12	6	14	9	16	8	4	16	4	2	17	10
GCT	10	4	7	7	3	2	3	16	6	2	11	3
GCC	3	1	3	3	3	0	0	3	0	1	5	0
GCA	7	4	8	2	5	1	0	11	1	0	13	3
GCG	2	2	5	1	2	0	2	3	0	0	4	0
GAT	5	5	2	9	2	1	1	12	2	1	4	0
GAC	4	5	2	2	1	1	1	3	2	2	4	0
GAA	8	8	5	4	1	4	4	5	1	1	6	2
GAG	4	5	7	5	5	4	2	6	4	1	8	5
GGT	9	1	6	5	6	3	1	15	8	1	9	0
GGC	3	2	2	2	1	2	1	5	2	3	4	3
GGA	4	3	5	6	4	1	1	18	4	0	9	2
GGG	12	7	9	9	18	5	3	21	8	2	24	5
TAA	0	0	1	1	0	1	1	1	0	1	1	1
TAG	1	1	0	0	1	0	0	0	1	0	0	0
