	YP_007626563.1|ND1	YP_007626564.1|ND2	YP_007626565.1|COX1	YP_007626566.1|COX2	YP_007626567.1|ATP8	YP_007626568.1|ATP6	YP_007626570.1|ND3	YP_007626571.1|ND4L	YP_007626572.1|ND4	YP_007626573.1|ND5	YP_007626575.1|CYTB
TTT	14	7	29	4	5	8	5	3	14	34	18
TTC	6	8	13	2	2	4	4	1	8	13	11
TTA	16	18	21	18	3	13	8	9	18	27	14
TTG	1	1	3	0	1	0	0	1	0	1	0
TCT	4	4	9	5	0	2	0	2	10	12	6
TCC	6	7	5	3	1	1	1	4	5	9	2
TCA	10	15	13	8	3	5	2	4	13	12	12
TCG	0	1	0	0	0	0	1	0	1	1	0
TAT	7	3	11	8	1	0	2	3	10	13	9
TAC	4	5	8	3	0	2	1	1	7	7	6
TGT	0	0	0	0	0	0	0	1	1	2	1
TGC	1	0	1	2	0	0	2	2	2	2	3
TGA	9	10	17	5	3	3	4	0	11	12	11
TGG	0	0	0	0	0	0	0	0	2	0	1
CTT	9	6	8	3	2	11	4	3	18	11	6
CTC	4	6	6	3	1	4	5	1	9	14	10
CTA	24	19	21	10	1	12	9	7	43	27	27
CTG	2	2	2	1	0	2	0	1	6	3	0
CCT	4	3	10	4	3	3	2	0	5	7	2
CCC	8	4	4	1	0	2	1	1	6	9	4
CCA	9	13	14	8	2	7	3	0	8	11	17
CCG	1	0	0	0	0	0	0	0	1	0	0
CAT	2	4	9	5	1	3	0	1	5	1	7
CAC	1	1	8	2	0	3	0	1	6	9	4
CAA	7	10	6	6	5	8	3	2	11	19	6
CAG	0	0	0	0	0	1	0	0	0	0	0
CGT	1	0	1	0	0	3	0	0	1	3	0
CGC	0	0	1	1	0	0	1	0	1	2	1
CGA	7	3	6	4	0	1	0	1	8	3	7
CGG	0	0	0	1	0	0	0	0	0	0	0
ATT	22	21	28	11	5	20	3	3	32	40	21
ATC	11	16	12	6	1	4	3	1	10	26	20
ATA	17	43	27	11	8	14	7	10	37	43	15
ATG	2	3	6	4	1	1	1	1	1	3	1
ACT	2	8	10	6	1	7	2	3	8	13	5
ACC	2	11	8	1	3	5	3	0	10	11	6
ACA	14	15	20	11	1	13	3	2	15	29	15
ACG	0	0	0	1	1	0	0	0	1	2	0
AAT	9	10	15	4	0	5	3	3	9	20	10
AAC	4	8	4	1	1	7	2	2	13	17	8
AAA	7	11	9	3	5	4	3	0	11	20	8
AAG	0	2	0	2	0	0	0	0	0	2	1
AGT	1	0	1	3	1	0	0	0	2	4	0
AGC	2	1	2	2	0	4	3	1	9	9	3
GTT	1	3	10	5	0	4	2	1	5	3	4
GTC	3	2	5	2	0	1	0	2	2	3	5
GTA	9	8	20	5	0	7	0	4	8	6	10
GTG	1	0	0	1	0	0	1	1	0	1	0
GCT	7	4	16	3	0	4	4	2	6	10	2
GCC	5	7	6	2	0	7	4	1	8	11	4
GCA	16	5	16	2	0	5	2	4	12	20	16
GCG	0	0	1	0	0	0	0	1	0	0	0
GAT	1	0	9	5	1	0	0	1	2	6	1
GAC	2	0	6	5	0	1	2	0	1	4	10
GAA	10	5	8	14	1	2	5	1	8	9	6
GAG	1	0	2	1	1	1	1	1	1	2	0
GGT	2	3	9	1	0	3	0	0	3	5	1
GGC	4	2	9	2	0	1	0	1	6	10	5
GGA	5	8	26	5	1	7	3	2	9	11	17
GGG	1	1	3	1	0	1	0	1	0	2	1
TAA	0	0	1	1	1	1	0	1	0	1	1
TAG	0	0	0	0	0	0	0	0	0	0	0
AGA	0	0	0	0	0	0	0	0	0	0	0
AGG	0	0	0	0	0	0	0	0	0	0	0
