	YP_009431707.1|ND1	YP_009431708.1|ND2	YP_009431709.1|COX1	YP_009431710.1|COX2	YP_009431711.1|ATP8	YP_009431712.1|ATP6	YP_009431713.1|COX3	YP_009431714.1|ND3	YP_009431715.1|ND4L	YP_009431716.1|ND4	YP_009431717.1|ND5	YP_009431719.1|CYTB
TTT	9	4	16	3	2	8	8	3	6	13	19	10
TTC	8	6	24	6	1	3	14	6	2	5	22	20
TTA	11	11	7	9	4	9	6	8	5	16	21	8
TTG	1	0	0	0	0	0	0	1	1	3	0	0
TCT	2	2	7	3	1	1	1	3	2	4	2	2
TCC	6	6	6	6	1	2	5	0	2	7	10	8
TCA	8	6	14	4	1	3	4	2	2	13	16	11
TCG	2	0	0	0	0	0	1	0	0	0	0	0
TAT	5	1	12	5	0	2	6	1	0	7	6	6
TAC	7	7	7	4	0	3	6	1	0	7	5	7
TGT	0	0	0	0	0	0	0	1	1	0	1	1
TGC	0	1	1	2	0	0	2	0	2	5	4	2
TGA	6	10	16	5	4	5	12	5	1	18	12	13
TGG	2	1	1	0	1	0	0	0	0	3	1	0
CTT	10	8	15	6	0	8	5	4	2	15	14	8
CTC	7	6	11	1	0	5	6	4	3	13	16	10
CTA	29	35	23	13	1	23	16	8	9	35	38	27
CTG	4	6	8	0	0	2	0	1	3	4	7	8
CCT	4	1	6	1	1	0	2	1	0	4	3	1
CCC	5	10	8	2	0	2	5	1	2	5	8	7
CCA	15	4	14	11	7	14	6	6	0	17	14	13
CCG	0	3	0	0	0	0	0	0	0	1	1	0
CAT	1	0	5	3	0	1	5	0	1	3	2	4
CAC	4	6	14	7	2	2	11	0	3	9	12	8
CAA	6	13	8	8	1	8	9	3	3	13	19	6
CAG	1	2	0	0	0	0	0	0	0	1	1	0
CGT	1	0	1	1	0	0	1	0	1	0	0	1
CGC	1	1	1	1	0	1	1	1	0	0	1	1
CGA	6	3	5	4	0	5	3	1	1	10	7	6
CGG	0	0	1	0	0	0	0	0	1	0	2	0
ATT	11	18	26	13	2	20	9	8	1	30	38	21
ATC	10	8	12	4	3	4	7	1	1	9	18	12
ATA	8	18	15	8	0	7	5	2	4	23	28	8
ATG	3	4	9	3	1	3	3	1	1	3	7	4
ACT	3	5	3	3	3	2	3	3	3	3	6	5
ACC	7	22	10	3	1	2	6	3	2	11	18	7
ACA	9	22	20	3	0	14	13	4	2	24	24	10
ACG	2	3	2	1	0	1	0	0	1	3	4	1
AAT	3	2	8	4	1	6	0	2	1	5	8	7
AAC	10	7	7	2	1	4	1	2	1	7	22	11
AAA	5	8	8	4	3	1	2	0	0	8	20	10
AAG	2	1	0	0	0	0	0	1	0	1	2	0
AGT	0	0	1	0	1	1	1	0	0	1	6	0
AGC	3	6	4	3	1	3	2	0	3	5	4	1
GTT	1	1	11	5	1	2	4	0	1	4	9	9
GTC	3	0	3	4	0	1	1	1	0	3	2	4
GTA	14	5	24	10	2	14	9	1	1	10	13	7
GTG	2	1	5	2	0	0	1	0	0	1	3	3
GCT	6	2	9	3	1	5	8	1	3	7	9	5
GCC	15	16	20	5	0	8	6	5	6	13	24	10
GCA	12	17	16	8	1	6	9	3	4	15	21	15
GCG	1	1	1	1	0	0	0	0	0	0	0	0
GAT	1	2	5	2	0	0	1	1	0	1	4	2
GAC	3	3	9	10	1	1	4	3	1	2	9	9
GAA	11	5	10	14	3	4	10	6	3	9	8	5
GAG	0	0	1	1	0	0	0	0	0	2	3	1
GGT	0	0	12	1	0	2	1	1	1	2	3	1
GGC	2	5	4	1	1	1	5	1	2	9	7	6
GGA	13	9	24	7	0	7	13	4	3	17	21	17
GGG	3	4	6	0	0	1	2	1	0	1	2	1
TAA	1	0	1	0	0	1	0	0	1	0	1	0
TAG	0	0	0	0	1	0	0	0	0	0	0	0
AGA	0	0	0	0	0	0	0	0	0	0	0	0
AGG	0	0	0	0	0	0	0	0	0	0	0	0
