	YP_636161.1|ND1	YP_636162.1|ND2	YP_636163.1|COX1	YP_636164.1|COX2	YP_636165.1|ATP8	YP_636166.1|ATP6	YP_636167.1|COX3	YP_636168.1|ND3	YP_636169.1|ND4L	YP_636170.1|ND4	YP_636171.1|ND5	YP_636173.1|CYTB
TTT	7	5	17	6	2	5	8	5	7	9	14	13
TTC	10	5	25	3	1	7	16	5	1	8	26	16
TTA	11	12	8	6	0	11	6	7	2	12	14	11
TTG	5	5	1	1	1	0	2	2	2	9	6	4
TCT	3	4	6	3	0	2	6	2	2	7	7	7
TCC	10	10	5	5	2	2	0	2	2	9	10	7
TCA	7	3	12	4	1	1	5	2	2	4	9	5
TCG	2	1	3	1	0	0	0	0	0	1	4	2
TAT	4	2	10	7	0	2	5	1	0	5	5	3
TAC	8	6	8	2	0	1	6	1	0	9	8	12
TGT	0	0	0	2	0	0	1	1	0	1	0	2
TGC	0	1	1	0	0	0	1	0	3	4	7	1
TGA	5	7	10	3	5	3	8	3	1	13	8	9
TGG	3	4	7	2	0	2	4	3	0	7	5	3
CTT	13	19	20	7	0	10	7	5	3	20	25	8
CTC	10	15	8	2	2	9	4	2	4	17	16	13
CTA	11	11	17	10	2	12	9	4	7	18	23	19
CTG	11	11	9	1	0	4	4	4	5	11	7	5
CCT	7	5	4	4	1	5	2	1	0	5	8	2
CCC	12	11	9	3	2	3	5	3	0	9	6	5
CCA	3	3	11	5	4	8	4	4	2	9	9	9
CCG	2	0	4	2	1	2	1	0	0	6	4	5
CAT	1	2	10	7	2	1	5	0	3	2	2	3
CAC	4	7	8	3	0	2	11	1	2	10	13	9
CAA	3	5	6	8	1	8	5	2	1	8	16	2
CAG	4	5	2	0	1	1	4	1	1	4	1	5
CGT	0	1	3	1	0	1	0	0	1	0	1	1
CGC	2	2	0	1	0	0	1	0	1	4	2	1
CGA	4	1	4	4	0	4	3	1	0	3	6	4
CGG	2	1	1	0	0	1	1	1	1	4	2	2
ATT	16	11	25	14	3	15	11	5	1	25	27	16
ATC	5	9	12	2	0	6	3	3	1	13	20	12
ATA	5	6	15	10	2	9	5	2	2	17	18	8
ATG	7	11	8	2	1	4	3	2	3	10	15	5
ACT	1	6	8	3	2	4	5	1	0	7	5	3
ACC	11	22	9	2	0	5	5	4	4	16	21	12
ACA	6	7	14	5	1	9	12	3	5	13	14	5
ACG	0	1	4	1	0	1	0	0	0	3	8	6
AAT	5	2	6	1	0	3	1	1	0	4	7	5
AAC	5	5	10	3	4	6	0	2	2	5	19	11
AAA	2	6	6	4	3	0	2	0	0	8	11	6
AAG	5	3	2	0	0	1	0	1	0	3	13	3
AGT	0	1	0	0	0	1	0	0	0	1	4	0
AGC	3	10	4	4	1	4	3	0	4	5	8	2
GTT	6	7	10	8	0	3	6	1	0	4	12	7
GTC	3	2	9	7	3	3	2	2	0	6	8	6
GTA	6	7	20	8	0	7	10	1	2	10	6	9
GTG	7	1	6	0	1	5	0	1	0	1	4	2
GCT	5	7	10	2	1	5	4	2	1	8	14	2
GCC	16	25	21	7	0	7	12	2	6	14	24	13
GCA	6	8	13	5	0	7	6	4	4	10	21	15
GCG	5	3	4	2	0	1	0	0	1	5	8	1
GAT	1	0	7	1	1	1	2	0	0	2	7	6
GAC	3	1	8	12	1	0	3	4	1	2	8	5
GAA	6	3	6	9	2	2	6	4	1	7	7	2
GAG	5	3	5	6	0	2	4	2	2	4	5	4
GGT	2	4	6	2	0	1	4	0	0	2	4	4
GGC	9	8	18	0	0	1	9	1	3	9	9	8
GGA	5	3	13	4	0	5	6	4	2	11	16	8
GGG	4	2	8	3	0	2	3	2	0	7	4	6
TAA	1	0	1	0	1	1	1	0	1	0	1	0
TAG	0	1	0	0	0	0	0	0	0	0	0	0
AGA	0	0	0	0	0	0	0	0	0	0	0	0
AGG	0	0	0	0	0	0	0	0	0	0	0	0
