	YP_008816085.1|orf624	YP_008816086.1|atp9	YP_008816089.1|rps2	YP_008816090.1|yejV	YP_008816108.1|yejR	YP_008816112.1|atp6	YP_008816113.1|nad6	YP_008816114.1|cox2	YP_008816115.1|cox3	YP_008816116.1|nad9	YP_008816117.1|atp1	YP_008816118.1|orf546	YP_008816119.1|cob	YP_008816120.1|rps3	YP_008816121.1|rpl16	YP_008816122.1|rpl14	YP_008816123.1|rpl5	YP_008816124.1|rps14	YP_008816125.1|rps13	YP_008816126.1|rps11	YP_008816127.1|nad7	YP_008816128.1|rps4	YP_008816129.1|orf209	YP_008816130.1|orf97	YP_008816131.1|orf94
TTT	8	2	16	13	61	23	18	12	19	10	9	11	18	17	6	1	7	2	4	21	18	8	7	8	6
TTC	9	5	4	5	25	7	6	1	6	1	4	5	9	11	3	0	0	0	0	13	0	3	2	3	1
TTA	8	6	11	14	27	13	14	8	6	5	19	6	14	11	3	4	9	2	2	18	9	7	5	3	2
TTG	10	2	6	4	20	8	5	8	7	5	6	15	11	12	3	1	2	4	4	10	10	3	4	1	1
TCT	8	1	4	2	17	7	8	7	5	5	11	11	6	13	4	3	1	3	0	20	6	5	3	1	2
TCC	3	0	0	4	7	2	1	1	1	0	1	2	2	5	1	0	0	3	1	6	0	4	0	0	0
TCA	6	2	1	2	16	2	2	2	3	8	6	7	6	12	1	0	2	1	3	11	5	2	2	2	1
TCG	2	0	5	2	13	1	1	1	2	1	2	5	0	4	0	0	0	1	0	6	1	1	1	0	0
TAT	14	1	5	5	17	7	3	6	8	7	13	7	16	7	2	1	3	3	3	12	11	6	5	2	3
TAC	11	0	2	3	7	1	2	5	2	7	4	3	7	4	0	0	0	3	1	3	5	2	3	2	0
TGT	2	1	2	9	7	2	1	3	2	1	3	0	3	6	0	4	1	1	3	5	4	1	5	2	1
TGC	4	0	2	4	12	4	1	0	0	1	0	3	1	2	1	0	1	0	1	5	4	1	2	0	0
TGG	14	0	3	4	23	3	0	9	12	4	0	8	12	6	3	1	3	1	0	8	4	3	3	1	0
CTT	15	1	7	8	28	11	11	5	9	5	14	15	9	9	0	4	6	2	2	15	10	5	3	0	5
CTC	13	0	1	6	13	8	4	1	3	0	4	4	3	6	0	0	2	0	1	11	2	0	8	2	0
CTA	8	3	4	5	10	4	5	0	3	1	5	6	7	8	1	1	1	1	1	8	3	2	3	0	0
CTG	6	0	2	0	6	3	2	2	2	0	2	5	4	1	2	3	1	0	0	8	4	4	4	1	0
CCT	10	1	4	3	12	4	1	3	4	4	7	7	8	7	2	1	2	1	2	12	4	2	4	0	1
CCC	6	0	4	1	7	0	3	1	1	1	1	4	2	3	1	0	0	0	0	8	5	0	1	2	0
CCA	10	0	6	1	9	5	5	6	6	3	6	5	12	9	2	2	2	2	1	13	7	6	7	1	4
CCG	3	0	1	1	3	2	0	2	0	1	3	4	3	4	1	0	0	0	0	10	1	0	1	1	1
CAT	13	0	6	3	9	7	4	6	7	3	4	2	8	8	2	2	6	1	2	5	9	5	1	4	1
CAC	7	0	1	0	6	0	2	1	7	1	0	3	5	2	0	2	2	1	3	8	5	0	1	1	0
CAA	18	0	10	4	24	7	7	7	3	5	17	15	7	13	9	5	8	2	6	21	13	10	7	3	3
CAG	5	1	4	1	5	1	3	4	3	4	16	7	1	5	5	1	1	0	1	10	4	2	2	1	0
CGT	7	0	1	1	7	1	0	1	0	3	8	4	4	9	4	2	2	4	3	10	9	4	2	1	2
CGC	9	0	2	1	6	1	2	1	0	5	4	5	0	6	1	1	2	4	2	14	4	3	1	1	1
CGA	12	0	5	0	5	3	2	2	4	1	5	3	4	8	1	2	2	2	5	13	4	4	1	2	1
CGG	6	0	2	0	0	0	0	0	0	1	5	0	0	3	0	1	0	1	0	4	4	3	1	0	0
ATT	14	3	11	10	30	16	19	14	10	9	19	7	20	10	5	8	6	3	6	17	11	8	9	5	2
ATC	6	4	6	6	14	7	5	6	6	5	17	5	9	4	4	4	0	2	5	9	4	4	4	2	1
ATA	19	0	3	4	18	6	4	4	2	2	3	5	6	4	0	2	5	0	4	13	7	6	3	2	0
ATG	11	3	6	6	8	11	11	10	10	2	12	10	8	10	3	2	11	2	5	4	15	3	3	2	3
ACT	8	2	6	8	15	6	3	4	8	2	7	5	6	8	0	1	1	1	2	12	8	0	1	0	2
ACC	5	1	2	2	5	1	2	2	2	0	4	1	0	5	2	1	1	0	1	5	1	0	2	1	0
ACA	14	0	7	6	13	7	6	4	4	8	9	5	8	7	3	1	4	2	3	10	7	3	1	5	1
ACG	5	0	0	3	5	0	1	1	2	2	2	5	2	2	1	0	1	0	0	2	3	0	1	0	2
AAT	14	2	12	2	17	12	11	4	4	8	6	8	7	12	1	3	7	5	2	12	3	7	8	1	4
AAC	13	0	12	2	7	3	2	4	1	1	7	11	8	13	0	0	0	1	2	13	7	2	7	0	2
AAA	34	1	18	3	27	2	13	2	2	7	14	16	2	35	12	13	8	7	5	53	4	14	4	9	3
AAG	25	1	9	1	8	0	4	2	2	8	16	7	4	18	4	4	1	3	4	30	12	7	7	5	2
AGT	4	1	4	1	9	5	2	4	2	1	5	2	5	8	2	2	3	3	1	5	3	4	4	1	5
AGC	10	0	5	3	27	5	4	2	2	5	6	12	10	6	4	2	5	0	3	18	3	0	1	1	0
AGA	19	1	7	2	6	0	1	3	0	3	5	4	2	3	3	2	2	4	5	20	4	9	5	1	3
AGG	8	0	2	0	5	0	4	1	0	1	3	6	1	5	2	0	2	1	0	8	3	6	2	0	0
GTT	8	2	6	1	14	5	10	9	8	7	16	7	16	4	3	2	3	3	1	14	11	8	5	1	3
GTC	9	0	0	1	5	2	3	2	2	2	7	1	4	4	1	0	2	1	0	8	5	4	2	1	1
GTA	8	1	3	4	13	7	7	3	4	3	11	7	6	4	1	6	1	2	2	7	10	3	3	1	2
GTG	7	1	2	1	9	5	5	7	5	3	11	2	11	4	4	1	1	1	1	4	4	2	5	1	0
GCT	8	5	6	5	28	10	7	5	10	5	19	8	9	9	3	1	1	3	1	21	11	4	3	0	4
GCC	12	1	0	4	8	1	3	1	3	0	6	7	4	4	2	1	1	1	2	8	4	0	1	0	1
GCA	12	8	6	4	22	2	8	7	7	3	19	15	18	7	5	5	1	2	1	11	9	2	1	3	3
GCG	7	1	1	1	4	3	1	3	3	1	7	6	3	2	0	1	0	0	0	9	3	1	0	0	0
GAT	12	0	6	6	12	1	5	11	3	7	15	12	5	8	2	1	5	2	2	14	17	6	6	1	5
GAC	15	0	1	1	3	0	0	5	1	5	11	6	5	3	0	3	4	0	0	7	4	0	4	1	2
GAA	22	2	5	1	18	3	9	9	3	8	16	13	1	5	5	2	7	2	3	14	13	3	6	1	2
GAG	13	0	2	0	11	4	3	5	5	8	17	14	4	4	1	1	1	1	1	6	15	1	6	3	0
GGT	5	0	2	5	7	6	3	2	6	2	11	3	4	7	1	3	3	2	3	7	8	0	3	2	1
GGC	8	2	4	2	15	6	3	4	5	1	6	2	7	5	2	3	2	0	1	11	10	1	3	1	1
GGA	11	5	1	4	12	3	1	3	8	1	16	4	10	4	6	4	1	0	3	18	6	2	5	1	2
GGG	11	1	6	1	10	1	4	2	9	1	9	5	4	2	3	2	0	1	1	7	3	1	5	0	1
TAA	0	1	0	1	1	1	1	1	0	1	1	1	0	0	1	0	1	0	0	0	1	1	1	0	1
TAG	0	0	0	0	0	0	0	0	1	0	0	0	1	1	0	1	0	1	0	0	0	0	0	1	0
TGA	1	0	1	0	0	0	0	0	0	0	0	0	0	0	0	0	0	0	1	1	0	0	0	0	0
