	YP_008082482.1|ND1	YP_008082483.1|ND2	YP_008082484.1|COX1	YP_008082485.1|COX2	YP_008082486.1|ATP8	YP_008082487.1|ATP6	YP_008082488.1|COX3	YP_008082489.1|ND3	YP_008082490.1|ND4L	YP_008082491.1|ND4	YP_008082492.1|ND5	YP_008082494.1|CYTB
TTT	10	2	24	6	2	8	10	4	2	11	19	14
TTC	8	10	15	2	2	10	13	3	2	10	23	15
TTA	16	18	22	12	2	15	12	7	1	21	24	11
TTG	0	0	2	0	0	0	0	1	1	1	1	0
TCT	5	5	9	4	0	0	1	2	3	3	6	3
TCC	5	11	6	3	0	2	2	4	3	9	12	11
TCA	8	16	12	6	2	1	6	2	5	9	21	6
TCG	0	0	1	0	0	0	0	0	0	1	0	0
TAT	8	3	11	8	0	3	7	2	1	5	12	7
TAC	5	5	8	2	0	1	5	0	0	7	2	8
TGT	0	0	0	2	0	0	0	0	1	2	3	0
TGC	0	1	1	0	0	0	2	1	2	2	2	3
TGA	8	8	17	5	5	5	12	5	1	19	12	13
TGG	0	2	0	0	0	0	0	0	0	0	1	0
CTT	14	4	11	5	1	4	7	8	4	23	16	12
CTC	9	22	14	3	2	4	7	3	7	15	26	16
CTA	28	26	14	5	1	21	9	12	10	24	33	24
CTG	1	1	1	1	0	4	1	1	1	4	4	2
CCT	4	3	4	2	5	2	2	0	0	6	3	8
CCC	6	5	8	5	2	6	2	2	1	4	10	4
CCA	12	8	16	6	2	8	9	5	0	16	16	7
CCG	0	0	1	0	0	0	0	1	0	0	0	1
CAT	2	4	13	4	1	2	6	0	2	5	3	4
CAC	3	3	6	6	1	1	10	0	1	7	11	7
CAA	5	9	6	9	1	8	8	2	2	12	22	9
CAG	0	1	3	0	0	1	0	0	0	0	1	0
CGT	1	1	2	2	0	0	2	1	1	1	2	1
CGC	2	1	0	1	0	1	0	1	1	1	4	2
CGA	3	2	7	3	0	3	3	0	0	8	3	5
CGG	1	1	0	0	0	1	0	0	0	1	0	0
ATT	12	16	21	14	4	15	9	6	4	33	32	19
ATC	15	18	19	8	0	8	6	5	4	19	28	19
ATA	14	15	20	11	1	11	6	0	3	26	26	11
ATG	2	1	4	3	1	2	1	1	2	5	3	2
ACT	4	8	7	2	1	4	2	1	2	3	6	1
ACC	12	12	6	4	1	10	6	0	3	15	22	12
ACA	10	17	21	6	2	7	14	1	2	13	21	10
ACG	1	1	0	0	0	1	0	3	0	1	0	0
AAT	6	6	5	1	4	4	2	1	1	9	16	8
AAC	6	9	10	3	2	6	0	2	5	9	20	13
AAA	7	10	8	4	5	0	2	1	0	10	22	9
AAG	0	0	0	0	0	1	0	0	0	1	0	0
AGT	0	2	0	3	1	1	3	1	0	2	3	0
AGC	4	2	3	0	0	4	1	0	3	7	10	2
GTT	1	1	14	4	0	2	4	0	0	1	5	4
GTC	4	3	7	6	0	2	1	0	0	3	6	8
GTA	5	3	19	6	2	7	9	2	1	4	6	7
GTG	0	1	3	0	0	0	0	0	0	1	2	0
GCT	7	9	10	3	0	6	4	2	2	7	11	0
GCC	7	12	14	8	0	1	13	2	3	17	21	16
GCA	10	5	19	5	0	11	6	5	4	10	5	6
GCG	0	0	2	0	0	0	0	0	0	1	0	1
GAT	3	0	10	5	0	0	3	2	1	4	5	4
GAC	0	1	5	7	0	1	2	2	0	1	8	5
GAA	12	6	9	15	1	4	9	6	2	10	11	5
GAG	0	0	1	1	1	0	1	0	0	0	0	1
GGT	6	2	11	2	0	1	5	1	1	3	3	2
GGC	4	9	12	2	0	4	4	2	3	8	9	9
GGA	7	5	18	5	0	3	11	3	0	8	16	13
GGG	1	1	5	0	0	0	1	0	0	2	0	1
TAA	1	0	1	0	1	1	1	0	1	0	1	0
TAG	0	0	0	0	0	0	0	0	0	0	0	0
AGA	0	0	0	0	0	0	0	0	0	0	0	0
AGG	0	0	0	0	0	0	0	0	0	0	0	0
