	YP_008965386.1|cox1	YP_008965387.1|cox1i1	YP_008965388.1	YP_008965390.1	YP_008965392.1	YP_008965393.1|nad1	YP_008965394.1|nad4	YP_008965395.1|atp8	YP_008965396.1|atp6	YP_008965397.1|nad6	YP_008965398.1|cox3	YP_008965399.1	YP_008965400.1	YP_008965401.1|rps3	YP_008965402.1|nad2	YP_008965403.1|nad3	YP_008965404.1	YP_008965405.1|cox2	YP_008965406.1	YP_008965407.1	YP_008965408.1	YP_008965409.1|nad4L	YP_008965410.1|nad5	YP_008965411.1	YP_008965412.1|cob
TTT	19	16	16	8	14	17	33	9	17	9	16	13	25	19	33	14	6	11	14	8	36	3	43	20	19
TTC	28	0	4	5	4	11	15	1	9	3	7	4	4	5	9	4	0	4	3	4	4	2	20	7	16
TTA	61	17	11	23	11	44	56	5	36	30	28	13	18	34	57	17	10	22	9	14	49	13	80	42	47
TTG	0	4	3	7	2	4	8	0	4	1	2	2	5	3	9	0	5	2	4	4	6	1	4	6	1
TCT	8	6	1	8	3	9	17	1	5	7	8	7	8	11	18	1	10	7	2	5	14	0	15	10	10
TCC	1	1	1	2	1	1	1	0	1	1	0	0	5	4	2	1	5	0	1	2	4	1	2	0	1
TCA	5	8	1	8	4	5	12	0	6	2	7	2	5	5	10	0	7	6	1	1	14	2	6	11	6
TCG	0	0	1	2	5	1	2	0	0	0	2	0	1	1	2	0	2	2	2	0	3	1	3	3	0
TAT	15	15	12	6	8	15	18	1	8	10	6	16	23	15	21	2	4	9	11	7	46	3	25	17	10
TAC	5	2	1	1	1	5	8	1	3	3	4	3	7	6	13	2	2	2	5	5	9	1	5	9	7
TGT	1	2	3	3	3	4	2	0	1	1	2	5	6	1	1	1	0	5	4	1	9	0	6	0	1
TGC	1	1	0	1	0	0	0	0	0	0	0	0	1	0	0	0	0	0	0	0	0	0	0	2	0
TGA	13	4	3	2	4	4	2	0	1	2	7	4	4	2	4	0	0	5	4	0	1	0	8	2	7
TGG	0	3	1	1	0	0	0	0	0	0	2	1	1	1	1	0	0	1	1	0	0	0	0	0	0
CTT	7	6	4	2	2	8	10	0	4	2	4	7	7	11	14	1	2	5	3	7	10	3	12	8	3
CTC	0	0	1	3	0	2	0	0	0	0	0	0	1	0	0	0	1	0	0	0	1	0	0	0	0
CTA	11	7	3	8	5	6	12	0	1	3	0	1	7	10	15	1	4	1	6	3	9	0	4	6	3
CTG	0	2	0	0	2	1	0	0	0	0	1	1	3	1	3	1	0	0	4	1	0	0	2	1	0
CCT	17	5	4	3	11	13	7	1	6	3	4	1	11	4	8	3	8	7	7	1	14	0	18	6	13
CCC	1	0	0	1	2	1	2	0	2	0	1	0	1	1	0	0	4	0	3	1	3	0	1	2	0
CCA	12	1	0	3	3	1	2	2	2	1	3	5	1	2	3	0	1	4	2	0	6	0	2	0	7
CCG	1	0	0	2	2	1	2	0	0	0	1	1	2	0	0	1	1	2	0	1	4	0	2	0	2
CAT	12	8	0	1	5	2	3	0	5	2	10	6	20	7	4	2	2	2	2	4	9	0	9	3	5
CAC	4	2	1	0	2	0	2	0	1	0	3	1	0	1	2	1	1	5	1	0	6	0	4	3	5
CAA	11	7	5	0	10	7	4	2	6	2	5	0	9	9	14	4	6	6	3	3	10	1	11	9	7
CAG	4	3	1	1	0	0	2	0	1	0	0	0	1	4	3	0	0	1	2	2	8	0	1	5	0
CGT	1	2	2	1	1	0	3	0	0	0	0	2	6	7	0	0	3	0	5	5	4	0	2	4	1
CGC	0	0	0	0	0	0	0	0	0	0	0	0	1	3	0	0	0	0	1	1	3	0	0	0	0
CGA	0	2	0	1	2	0	0	1	0	1	1	3	2	1	3	0	1	0	1	2	1	0	0	2	1
CGG	0	0	0	1	0	1	0	0	0	0	0	1	2	2	1	0	0	0	0	0	0	0	0	0	0
ATT	15	15	8	7	10	10	20	0	9	15	6	11	12	11	26	4	6	10	8	5	35	6	23	17	6
ATC	8	3	2	3	1	1	7	0	4	3	1	4	3	3	8	2	0	3	3	0	8	2	5	8	3
ATA	23	16	8	12	18	23	34	5	22	17	10	20	28	11	35	5	6	12	16	5	49	11	42	21	32
ATG	18	6	3	3	6	10	7	2	3	5	8	5	7	9	8	2	4	8	7	3	15	3	22	7	13
ACT	15	10	4	6	7	9	15	2	8	7	5	2	8	8	15	2	4	3	6	4	22	0	26	7	5
ACC	1	2	0	3	1	1	3	0	0	1	1	1	1	2	3	0	0	0	2	2	4	0	2	1	1
ACA	12	10	1	9	4	6	10	1	10	1	15	3	13	9	16	3	0	7	4	4	13	2	21	9	8
ACG	2	3	1	1	1	1	0	0	0	1	0	0	2	2	1	1	0	0	1	3	2	0	1	2	1
AAT	18	19	8	3	14	9	14	1	11	14	5	13	23	33	20	4	11	9	18	8	59	3	20	15	12
AAC	9	7	3	5	7	3	4	0	8	5	4	2	2	6	7	2	1	1	4	7	25	0	10	9	10
AAA	13	32	14	9	20	5	8	0	7	5	0	15	24	45	14	2	14	2	7	2	37	2	18	11	6
AAG	5	4	2	5	2	0	2	2	0	2	0	4	7	7	4	1	5	4	4	0	9	0	1	1	1
AGT	29	5	5	1	4	13	20	1	12	15	9	7	11	10	30	3	5	5	4	5	25	1	33	11	11
AGC	4	1	1	1	3	1	1	0	0	3	0	0	5	3	3	1	3	1	3	1	3	2	6	5	1
AGA	9	11	3	2	8	8	7	2	3	1	3	4	13	16	5	1	6	6	7	3	14	3	8	6	10
AGG	3	2	6	1	1	0	2	0	0	1	1	4	6	3	1	1	2	0	6	1	7	0	2	2	0
GTT	16	4	0	5	3	13	8	2	4	9	6	4	16	13	10	4	4	10	9	3	23	2	37	11	13
GTC	2	0	1	0	0	1	2	1	1	0	0	0	2	1	1	0	0	0	2	0	3	0	3	4	0
GTA	23	10	2	9	11	13	16	4	4	1	11	9	12	11	17	1	1	7	7	10	15	1	19	10	12
GTG	3	3	1	1	2	2	3	0	5	2	5	5	4	3	3	1	2	0	3	1	5	0	4	2	3
GCT	18	7	3	6	5	17	16	1	10	7	12	11	12	6	11	3	5	6	5	2	5	4	29	7	16
GCC	4	1	0	0	1	4	3	0	4	2	3	0	3	1	5	2	1	2	4	2	1	0	8	5	2
GCA	14	7	1	1	4	4	6	0	4	1	3	6	2	2	11	3	4	3	2	4	10	4	11	6	8
GCG	1	0	0	0	2	1	1	0	0	0	1	1	3	0	2	1	2	0	0	0	7	0	2	3	1
GAT	16	11	8	1	11	5	9	0	2	3	2	9	22	13	10	3	13	14	9	6	42	2	15	10	9
GAC	5	2	0	0	3	0	2	0	2	3	1	0	1	1	4	0	3	0	5	5	6	0	2	1	0
GAA	8	12	10	4	16	13	10	0	3	4	7	10	7	15	8	3	12	15	4	5	37	3	16	15	7
GAG	3	3	0	1	5	2	3	0	1	2	2	1	5	3	5	1	6	2	1	1	6	0	3	1	1
GGT	34	8	5	2	12	16	27	0	10	8	17	6	14	12	23	5	10	8	9	3	23	5	34	8	16
GGC	0	0	0	1	3	0	0	0	0	1	0	3	4	1	1	0	2	0	1	1	1	1	0	1	0
GGA	9	6	0	1	6	4	4	0	4	2	7	5	3	2	2	0	1	3	1	2	6	1	15	3	4
GGG	5	4	0	0	1	2	0	0	3	0	0	1	3	2	4	1	3	1	0	2	7	0	2	3	2
TAA	0	1	1	1	1	1	1	1	1	1	1	0	0	1	1	0	0	0	0	1	0	1	1	1	1
TAG	1	0	0	0	0	0	0	0	0	0	0	1	1	0	0	0	1	1	1	0	1	0	0	0	0
