	YP_009107095.1|ND1	YP_009107096.1|ND2	YP_009107097.1|COX1	YP_009107098.1|COX2	YP_009107099.1|ATP8	YP_009107100.1|ATP6	YP_009107101.1|COX3	YP_009107102.1|ND3	YP_009107103.1|ND4L	YP_009107104.1|ND4	YP_009107105.1|ND5	YP_009107107.1|CYTB
TTT	11	9	20	3	2	5	11	3	1	14	19	14
TTC	7	4	23	3	1	9	13	5	3	7	25	14
TTA	24	20	20	10	4	7	8	6	7	28	32	16
TTG	0	4	1	0	1	0	1	0	1	4	4	1
TCT	5	3	10	7	3	1	2	3	2	8	13	4
TCC	1	9	5	2	0	1	4	0	1	5	10	5
TCA	17	14	11	4	1	5	7	1	3	12	21	13
TCG	0	0	2	0	2	1	2	0	0	1	3	0
TAT	8	10	13	8	3	0	8	2	3	12	16	6
TAC	6	3	6	2	1	2	5	1	0	6	7	9
TGT	0	0	0	1	0	0	1	1	2	1	3	1
TGC	1	0	1	1	0	0	0	0	1	2	1	3
TGA	9	10	16	5	3	3	11	3	0	12	11	12
TGG	0	0	1	0	0	0	1	1	0	1	1	0
CTT	10	6	16	4	2	10	8	5	5	14	17	7
CTC	4	8	3	1	0	8	5	3	4	8	18	12
CTA	20	15	13	16	4	11	8	10	5	37	28	27
CTG	1	2	3	2	0	2	1	0	1	1	2	1
CCT	5	7	8	3	3	7	2	1	1	6	10	5
CCC	8	6	9	3	1	1	2	3	0	6	6	6
CCA	7	8	11	7	2	6	7	2	0	8	10	11
CCG	0	0	0	0	0	0	0	0	0	0	0	1
CAT	2	1	7	5	0	3	9	0	0	4	7	5
CAC	1	3	10	1	0	4	7	0	3	4	7	7
CAA	7	9	6	6	3	9	6	4	2	10	17	4
CAG	0	0	0	0	1	1	2	0	0	0	2	2
CGT	1	1	2	0	0	0	1	0	0	1	2	0
CGC	0	0	1	1	0	1	1	1	0	1	2	2
CGA	6	2	5	4	0	3	3	0	1	8	5	6
CGG	1	0	0	1	0	0	0	0	0	0	0	0
ATT	21	29	29	11	4	17	8	5	5	31	35	17
ATC	8	12	10	7	3	13	8	2	1	12	23	17
ATA	18	35	21	11	2	11	8	5	10	28	28	10
ATG	1	2	8	2	1	3	1	2	2	2	3	3
ACT	6	11	16	5	1	8	5	3	0	9	12	4
ACC	7	9	4	3	2	5	6	1	3	11	18	9
ACA	9	18	18	11	2	8	8	4	1	26	16	9
ACG	0	1	2	2	1	0	0	0	0	0	2	0
AAT	5	8	9	3	1	6	3	2	3	14	11	9
AAC	8	10	7	4	2	4	4	2	2	13	19	8
AAA	7	10	9	6	7	4	4	2	0	11	19	9
AAG	0	0	0	0	0	0	0	1	0	0	2	1
AGT	2	1	0	1	0	2	0	1	1	1	3	2
AGC	1	1	4	3	0	3	3	1	0	6	8	1
GTT	6	3	12	3	0	2	7	1	2	1	7	5
GTC	1	2	6	4	0	0	2	1	1	3	8	5
GTA	5	6	20	5	0	6	7	2	4	10	5	10
GTG	1	0	2	2	0	1	1	0	1	1	2	0
GCT	5	7	14	4	0	9	4	5	1	4	12	7
GCC	7	5	16	2	0	3	8	2	2	11	14	6
GCA	13	3	15	6	1	6	5	7	4	13	10	11
GCG	0	0	0	0	0	0	1	0	0	0	0	0
GAT	3	0	11	7	0	1	2	1	1	1	3	2
GAC	0	0	3	5	1	0	1	1	0	1	7	10
GAA	10	5	10	11	1	3	8	6	2	12	10	5
GAG	0	1	0	1	1	1	0	0	0	0	2	0
GGT	3	2	15	1	0	1	5	0	1	4	6	5
GGC	1	2	9	2	0	4	4	3	3	2	5	3
GGA	6	8	18	4	0	5	11	0	1	8	15	14
GGG	2	2	3	1	0	0	1	0	1	3	2	3
TAA	0	0	1	1	1	1	0	1	1	0	1	0
TAG	0	0	0	0	0	0	0	0	0	0	0	0
AGA	0	0	0	0	0	0	0	0	0	0	0	1
AGG	0	0	0	0	0	0	0	0	0	0	0	0
