	YP_009679952.1|COX1	YP_009679953.1|COX2	YP_009679954.1|ATP8	YP_009679955.1|ATP6	YP_009679956.1|COX3	YP_009679957.1|ND3	YP_009679958.1|ND4L	YP_009679959.1|ND4	YP_009679960.1|ND5	YP_009679962.1|ND6	YP_009679963.1|CYTB
TTT	37	12	4	18	25	8	6	26	42	4	34
TTC	7	2	2	5	4	2	2	8	10	2	8
TTA	40	11	2	14	18	12	8	28	30	8	25
TTG	1	0	0	4	1	0	0	6	5	4	3
TCT	20	5	2	14	7	5	4	15	21	2	14
TCC	13	5	1	4	4	3	2	16	11	3	7
TCA	15	10	1	11	9	3	3	11	15	5	5
TCG	1	0	1	1	3	0	0	5	5	0	1
TAT	11	5	0	6	5	4	1	7	10	12	12
TAC	3	2	1	4	5	2	0	3	3	5	2
TGT	1	2	0	4	1	0	0	0	5	2	1
TGC	0	2	0	0	2	1	0	1	1	1	0
TGA	11	6	0	5	8	1	0	7	8	5	5
TGG	2	0	0	0	3	1	0	3	7	3	4
CTT	9	4	1	6	6	4	4	10	14	3	9
CTC	4	1	0	2	2	0	0	11	5	4	3
CTA	13	1	2	6	5	4	4	18	15	3	7
CTG	1	1	1	1	0	1	0	6	10	1	1
CCT	14	4	1	6	7	1	1	4	11	4	11
CCC	3	3	0	1	2	1	0	3	4	1	6
CCA	5	3	1	3	1	1	0	3	1	4	2
CCG	5	0	0	0	1	0	0	3	1	0	1
CAT	12	6	0	1	5	1	0	4	6	0	4
CAC	6	2	1	2	2	0	0	1	2	1	4
CAA	2	8	0	2	3	0	0	3	5	1	5
CAG	1	0	0	0	0	1	0	0	2	0	0
CGT	1	2	0	0	1	0	0	2	0	0	1
CGC	1	0	0	2	0	0	0	0	0	0	1
CGA	6	2	0	1	1	1	0	1	4	0	4
CGG	2	0	0	0	0	0	0	0	1	0	0
ATT	37	15	2	17	12	10	12	44	34	3	33
ATC	11	5	0	4	11	6	3	9	16	2	12
ATA	31	15	2	14	16	5	14	43	53	18	21
ATG	2	4	0	3	2	2	0	8	8	0	5
ACT	12	8	0	3	7	5	3	2	10	2	5
ACC	14	4	0	2	1	0	1	7	9	11	2
ACA	15	4	1	4	5	2	1	7	6	1	4
ACG	0	0	0	0	0	0	0	4	0	1	1
AAT	14	5	2	8	5	5	0	13	28	1	19
AAC	2	8	0	4	3	2	3	6	9	3	4
AAA	7	6	2	4	5	4	3	14	21	2	9
AAG	0	3	0	1	1	1	0	1	3	2	2
AGT	5	1	0	2	1	0	1	4	7	2	4
AGC	1	0	0	0	1	0	1	2	2	1	0
AGA	8	3	0	11	2	1	2	7	16	2	2
AGG	0	0	0	0	0	0	0	0	4	2	0
GTT	7	5	1	3	5	0	0	4	7	7	5
GTC	5	1	1	2	1	1	0	0	5	0	1
GTA	7	8	0	3	6	2	1	12	13	6	6
GTG	1	3	0	2	3	1	2	2	1	0	6
GCT	4	5	0	1	3	1	0	4	8	2	5
GCC	12	0	0	2	4	0	0	1	6	0	3
GCA	10	2	0	1	5	0	1	3	10	2	3
GCG	0	0	0	0	1	0	0	4	2	0	1
GAT	11	5	0	1	4	1	0	3	8	2	5
GAC	4	5	0	0	1	1	0	3	3	0	1
GAA	5	5	0	6	3	2	1	4	10	1	3
GAG	1	2	0	0	5	2	1	2	6	4	4
GGT	10	1	0	1	3	2	1	7	4	7	4
GGC	2	0	0	2	1	0	0	1	1	0	3
GGA	13	2	0	2	8	1	1	6	12	0	10
GGG	15	2	0	2	6	0	0	10	6	4	4
TAA	1	1	1	1	1	1	0	0	1	1	0
TAG	0	0	0	0	0	0	1	0	0	0	0
